id_source,id_target,route_id,route_color
40897390,40887390,1,EE352E
40887390,40887390,1,EE352E
40887390,40877391,1,EE352E
40877391,40877392,1,EE352E
40877392,40867392,1,EE352E
40867392,40867393,1,EE352E
40867393,40867393,1,EE352E
40867393,40857393,1,EE352E
40857393,40847394,1,EE352E
40847394,40837394,1,EE352E
40837394,40837395,1,EE352E
40837395,40827395,1,EE352E
40827395,40827396,1,EE352E
40827396,40817396,1,EE352E
40817396,40807397,1,EE352E
40807397,40807397,1,EE352E
40807397,40797397,1,EE352E
40797397,40797398,1,EE352E
40797398,40787398,1,EE352E
40787398,40787398,1,EE352E
40787398,40777398,1,EE352E
40777398,40777398,1,EE352E
40777398,40767398,1,EE352E
40767398,40767399,1,EE352E
40767399,40757399,1,EE352E
40757399,40757399,1,EE352E
40757399,40747400,1,EE352E
40747400,40747400,1,EE352E
40747400,40737400,1,EE352E
40737400,40737401,1,EE352E
40737401,40727401,1,EE352E
40727401,40727401,1,EE352E
40727401,40717401,1,EE352E
40717401,40717401,1,EE352E
40717401,40707401,1,EE352E
40707401,40717401,1,EE352E
40717401,40727401,1,EE352E
40727401,40737401,1,EE352E
40737401,40737400,1,EE352E
40737400,40747400,1,EE352E
40747400,40757399,1,EE352E
40757399,40767399,1,EE352E
40767399,40767398,1,EE352E
40767398,40777398,1,EE352E
40777398,40787398,1,EE352E
40787398,40797398,1,EE352E
40797398,40797397,1,EE352E
40797397,40807397,1,EE352E
40807397,40817396,1,EE352E
40817396,40827396,1,EE352E
40827396,40827395,1,EE352E
40827395,40837395,1,EE352E
40837395,40837394,1,EE352E
40837394,40847394,1,EE352E
40847394,40857393,1,EE352E
40857393,40867393,1,EE352E
40867393,40867392,1,EE352E
40867392,40877392,1,EE352E
40877392,40877391,1,EE352E
40877391,40887390,1,EE352E
40887390,40897390,1,EE352E
40907385,40907385,2,EE352E
40907385,40897386,2,EE352E
40897386,40897386,2,EE352E
40897386,40887386,2,EE352E
40887386,40887387,2,EE352E
40887387,40877387,2,EE352E
40877387,40877387,2,EE352E
40877387,40867387,2,EE352E
40867387,40857387,2,EE352E
40857387,40847387,2,EE352E
40847387,40847388,2,EE352E
40847388,40847389,2,EE352E
40847389,40837389,2,EE352E
40837389,40827389,2,EE352E
40827389,40827390,2,EE352E
40827390,40827390,2,EE352E
40827390,40827391,2,EE352E
40827391,40827392,2,EE352E
40827392,40827393,2,EE352E
40827393,40817394,2,EE352E
40817394,40817395,2,EE352E
40817395,40807395,2,EE352E
40807395,40807395,2,EE352E
40807395,40797397,2,EE352E
40797397,40797398,2,EE352E
40797398,40787398,2,EE352E
40787398,40787398,2,EE352E
40787398,40777398,2,EE352E
40777398,40777398,2,EE352E
40777398,40767398,2,EE352E
40767398,40767399,2,EE352E
40767399,40757399,2,EE352E
40757399,40757399,2,EE352E
40757399,40747400,2,EE352E
40747400,40747400,2,EE352E
40747400,40737400,2,EE352E
40737400,40737401,2,EE352E
40737401,40727401,2,EE352E
40727401,40727401,2,EE352E
40727401,40717401,2,EE352E
40717401,40717401,2,EE352E
40717401,40707399,2,EE352E
40707399,40697399,2,EE352E
40697399,40697399,2,EE352E
40697399,40697398,2,EE352E
40697398,40687398,2,EE352E
40687398,40687398,2,EE352E
40687398,40687397,2,EE352E
40687397,40677396,2,EE352E
40677396,40677396,2,EE352E
40677396,40677395,2,EE352E
40677395,40667395,2,EE352E
40667395,40667395,2,EE352E
40667395,40657395,2,EE352E
40657395,40657395,2,EE352E
40657395,40647395,2,EE352E
40647395,40637395,2,EE352E
40637395,40647395,2,EE352E
40647395,40657395,2,EE352E
40657395,40667395,2,EE352E
40667395,40677395,2,EE352E
40677395,40677396,2,EE352E
40677396,40687397,2,EE352E
40687397,40687398,2,EE352E
40687398,40697398,2,EE352E
40697398,40697399,2,EE352E
40697399,40707399,2,EE352E
40707399,40717401,2,EE352E
40717401,40727401,2,EE352E
40727401,40737401,2,EE352E
40737401,40737400,2,EE352E
40737400,40747400,2,EE352E
40747400,40757399,2,EE352E
40757399,40767399,2,EE352E
40767399,40767398,2,EE352E
40767398,40777398,2,EE352E
40777398,40787398,2,EE352E
40787398,40797398,2,EE352E
40797398,40797397,2,EE352E
40797397,40807395,2,EE352E
40807395,40817395,2,EE352E
40817395,40817394,2,EE352E
40817394,40827393,2,EE352E
40827393,40827392,2,EE352E
40827392,40827391,2,EE352E
40827391,40827390,2,EE352E
40827390,40827389,2,EE352E
40827389,40837389,2,EE352E
40837389,40847389,2,EE352E
40847389,40847388,2,EE352E
40847388,40847387,2,EE352E
40847387,40857387,2,EE352E
40857387,40867387,2,EE352E
40867387,40877387,2,EE352E
40877387,40887387,2,EE352E
40887387,40887386,2,EE352E
40887386,40897386,2,EE352E
40897386,40907385,2,EE352E
40797397,40787398,2,EE352E
40787398,40767399,2,EE352E
40747400,40727401,2,EE352E
40727401,40747400,2,EE352E
40767399,40787398,2,EE352E
40787398,40797397,2,EE352E
40677395,40677394,2,EE352E
40677394,40677393,2,EE352E
40677393,40667392,2,EE352E
40667392,40667392,2,EE352E
40667392,40667391,2,EE352E
40667391,40667390,2,EE352E
40667390,40667389,2,EE352E
40667389,40677389,2,EE352E
40677389,40677388,2,EE352E
40677388,40677389,2,EE352E
40677389,40667389,2,EE352E
40667389,40667390,2,EE352E
40667390,40667391,2,EE352E
40667391,40667392,2,EE352E
40667392,40677393,2,EE352E
40677393,40677394,2,EE352E
40677394,40677395,2,EE352E
40827394,40827394,3,EE352E
40827394,40817394,3,EE352E
40817394,40817395,3,EE352E
40817395,40807395,3,EE352E
40807395,40807395,3,EE352E
40807395,40797397,3,EE352E
40797397,40787398,3,EE352E
40787398,40767399,3,EE352E
40767399,40787398,3,EE352E
40787398,40797397,3,EE352E
40797397,40807395,3,EE352E
40807395,40817395,3,EE352E
40817395,40817394,3,EE352E
40817394,40827394,3,EE352E
40767399,40757399,3,EE352E
40757399,40747400,3,EE352E
40747400,40727401,3,EE352E
40727401,40717401,3,EE352E
40717401,40717401,3,EE352E
40717401,40707399,3,EE352E
40707399,40697399,3,EE352E
40697399,40697399,3,EE352E
40697399,40697398,3,EE352E
40697398,40687398,3,EE352E
40687398,40687398,3,EE352E
40687398,40687397,3,EE352E
40687397,40677396,3,EE352E
40677396,40677396,3,EE352E
40677396,40677395,3,EE352E
40677395,40677394,3,EE352E
40677394,40677393,3,EE352E
40677393,40667392,3,EE352E
40667392,40667392,3,EE352E
40667392,40667391,3,EE352E
40667391,40667390,3,EE352E
40667390,40667389,3,EE352E
40667389,40677389,3,EE352E
40677389,40677388,3,EE352E
40677388,40677389,3,EE352E
40677389,40667389,3,EE352E
40667389,40667390,3,EE352E
40667390,40667391,3,EE352E
40667391,40667392,3,EE352E
40667392,40677393,3,EE352E
40677393,40677394,3,EE352E
40677394,40677395,3,EE352E
40677395,40677396,3,EE352E
40677396,40687397,3,EE352E
40687397,40687398,3,EE352E
40687398,40697398,3,EE352E
40697398,40697399,3,EE352E
40697399,40707399,3,EE352E
40707399,40717401,3,EE352E
40717401,40727401,3,EE352E
40727401,40747400,3,EE352E
40747400,40757399,3,EE352E
40757399,40767399,3,EE352E
40897388,40887388,4,00933C
40887388,40877389,4,00933C
40877389,40877390,4,00933C
40877390,40867390,4,00933C
40867390,40867390,4,00933C
40867390,40857391,4,00933C
40857391,40857391,4,00933C
40857391,40847391,4,00933C
40847391,40847392,4,00933C
40847392,40847392,4,00933C
40847392,40837393,4,00933C
40837393,40827393,4,00933C
40827393,40817393,4,00933C
40817393,40807394,4,00933C
40807394,40787396,4,00933C
40787396,40767397,4,00933C
40767397,40757398,4,00933C
40757398,40737399,4,00933C
40737399,40717400,4,00933C
40717400,40717401,4,00933C
40717401,40717401,4,00933C
40717401,40707401,4,00933C
40707401,40697399,4,00933C
40697399,40697398,4,00933C
40697398,40687398,4,00933C
40687398,40687398,4,00933C
40687398,40687397,4,00933C
40687397,40677396,4,00933C
40677396,40677396,4,00933C
40677396,40677395,4,00933C
40677395,40677394,4,00933C
40677394,40677393,4,00933C
40677393,40667392,4,00933C
40667392,40667392,4,00933C
40667392,40667391,4,00933C
40667391,40667390,4,00933C
40667390,40667389,4,00933C
40667389,40677389,4,00933C
40677389,40677388,4,00933C
40807394,40807394,4,00933C
40807394,40797395,4,00933C
40797395,40797395,4,00933C
40797395,40787396,4,00933C
40787396,40777396,4,00933C
40777396,40777396,4,00933C
40777396,40767397,4,00933C
40767397,40767397,4,00933C
40757398,40757398,4,00933C
40757398,40747398,4,00933C
40747398,40747399,4,00933C
40747399,40737399,4,00933C
40737399,40737399,4,00933C
40737399,40727400,4,00933C
40727400,40727400,4,00933C
40727400,40717400,4,00933C
40677388,40677389,4,00933C
40677389,40667389,4,00933C
40667389,40667390,4,00933C
40667390,40667391,4,00933C
40667391,40667392,4,00933C
40667392,40677393,4,00933C
40677393,40677394,4,00933C
40677394,40677395,4,00933C
40677395,40677396,4,00933C
40677396,40687397,4,00933C
40687397,40687398,4,00933C
40687398,40697398,4,00933C
40697398,40697399,4,00933C
40697399,40707401,4,00933C
40707401,40717401,4,00933C
40717401,40717400,4,00933C
40717400,40727400,4,00933C
40727400,40737399,4,00933C
40737399,40747399,4,00933C
40747399,40747398,4,00933C
40747398,40757398,4,00933C
40757398,40767397,4,00933C
40767397,40777396,4,00933C
40777396,40787396,4,00933C
40787396,40797395,4,00933C
40797395,40807394,4,00933C
40807394,40817393,4,00933C
40817393,40827393,4,00933C
40827393,40837393,4,00933C
40837393,40847392,4,00933C
40847392,40847391,4,00933C
40847391,40857391,4,00933C
40857391,40867390,4,00933C
40867390,40877390,4,00933C
40877390,40877389,4,00933C
40877389,40887388,4,00933C
40887388,40897388,4,00933C
40687398,40677396,4,00933C
40677396,40677393,4,00933C
40717400,40737399,4,00933C
40737399,40757398,4,00933C
40767397,40787396,4,00933C
40787396,40807394,4,00933C
40677393,40677396,4,00933C
40677396,40687398,4,00933C
40827393,40807394,4,00933C
40847392,40857391,4,00933C
40807394,40827393,4,00933C
40897383,40887384,5,00933C
40887384,40877385,5,00933C
40877385,40867386,5,00933C
40867386,40857386,5,00933C
40857386,40847387,5,00933C
40847387,40857386,5,00933C
40857386,40867386,5,00933C
40867386,40877385,5,00933C
40877385,40887384,5,00933C
40887384,40897383,5,00933C
40847387,40847388,5,00933C
40847388,40847389,5,00933C
40847389,40837389,5,00933C
40837389,40827389,5,00933C
40827389,40827390,5,00933C
40827390,40827390,5,00933C
40827390,40827391,5,00933C
40827391,40827392,5,00933C
40827392,40827393,5,00933C
40827393,40817393,5,00933C
40817393,40807394,5,00933C
40807394,40787396,5,00933C
40787396,40767397,5,00933C
40767397,40757398,5,00933C
40757398,40737399,5,00933C
40737399,40717400,5,00933C
40717400,40717401,5,00933C
40717401,40717401,5,00933C
40717401,40707401,5,00933C
40707401,40717401,5,00933C
40717401,40717400,5,00933C
40717400,40737399,5,00933C
40737399,40757398,5,00933C
40757398,40767397,5,00933C
40767397,40787396,5,00933C
40787396,40807394,5,00933C
40807394,40817393,5,00933C
40817393,40827393,5,00933C
40827393,40827392,5,00933C
40827392,40827391,5,00933C
40827391,40827390,5,00933C
40827390,40827389,5,00933C
40827389,40837389,5,00933C
40837389,40847389,5,00933C
40847389,40847388,5,00933C
40847388,40847387,5,00933C
40707401,40697399,5,00933C
40697399,40697398,5,00933C
40697398,40687398,5,00933C
40687398,40677396,5,00933C
40677396,40677395,5,00933C
40677395,40667395,5,00933C
40667395,40667395,5,00933C
40667395,40657395,5,00933C
40657395,40657395,5,00933C
40657395,40647395,5,00933C
40647395,40637395,5,00933C
40677388,40677389,5,00933C
40677389,40667389,5,00933C
40667389,40667390,5,00933C
40667390,40667391,5,00933C
40667391,40667392,5,00933C
40667392,40667392,5,00933C
40667392,40677393,5,00933C
40677393,40677394,5,00933C
40677394,40677395,5,00933C
40677395,40677396,5,00933C
40677396,40687398,5,00933C
40687398,40697398,5,00933C
40697398,40697399,5,00933C
40697399,40707401,5,00933C
40847387,40827392,5,00933C
40637395,40647395,5,00933C
40647395,40657395,5,00933C
40657395,40667395,5,00933C
40667395,40677395,5,00933C
40907385,40897386,5,00933C
40897386,40897386,5,00933C
40897386,40887386,5,00933C
40887386,40887387,5,00933C
40887387,40877387,5,00933C
40877387,40877387,5,00933C
40877387,40867387,5,00933C
40867387,40857387,5,00933C
40857387,40847387,5,00933C
40677396,40677393,5,00933C
40677393,40677396,5,00933C
40827392,40847387,5,00933C
40847387,40887387,5,00933C
40847387,40857387,5,00933C
40857387,40867387,5,00933C
40867387,40877387,5,00933C
40877387,40887387,5,00933C
40887387,40887386,5,00933C
40887386,40897386,5,00933C
40897386,40907385,5,00933C
40857383,40857383,6,00933C
40857383,40847384,6,00933C
40847384,40847384,6,00933C
40847384,40847385,6,00933C
40847385,40837385,6,00933C
40837385,40837386,6,00933C
40837386,40837387,6,00933C
40837387,40837387,6,00933C
40837387,40837388,6,00933C
40837388,40837389,6,00933C
40837389,40827389,6,00933C
40827389,40827390,6,00933C
40827390,40817390,6,00933C
40817390,40817391,6,00933C
40817391,40817391,6,00933C
40817391,40817392,6,00933C
40817392,40817393,6,00933C
40817393,40807394,6,00933C
40807394,40807394,6,00933C
40807394,40797395,6,00933C
40797395,40797395,6,00933C
40797395,40787396,6,00933C
40787396,40777396,6,00933C
40777396,40777396,6,00933C
40777396,40767397,6,00933C
40767397,40767397,6,00933C
40767397,40757398,6,00933C
40757398,40757398,6,00933C
40757398,40747398,6,00933C
40747398,40747399,6,00933C
40747399,40737399,6,00933C
40737399,40737399,6,00933C
40737399,40727400,6,00933C
40727400,40727400,6,00933C
40727400,40717400,6,00933C
40717400,40727400,6,00933C
40727400,40737399,6,00933C
40737399,40747399,6,00933C
40747399,40747398,6,00933C
40747398,40757398,6,00933C
40757398,40767397,6,00933C
40767397,40777396,6,00933C
40777396,40787396,6,00933C
40787396,40797395,6,00933C
40797395,40807394,6,00933C
40807394,40817393,6,00933C
40817393,40817392,6,00933C
40817392,40817391,6,00933C
40817391,40817390,6,00933C
40817390,40827390,6,00933C
40827390,40827389,6,00933C
40827389,40837389,6,00933C
40837389,40837388,6,00933C
40837388,40837387,6,00933C
40837387,40837386,6,00933C
40837386,40837385,6,00933C
40837385,40847385,6,00933C
40847385,40847384,6,00933C
40847384,40857383,6,00933C
40857383,40857383,6X,00933C
40857383,40847384,6X,00933C
40847384,40847384,6X,00933C
40847384,40847385,6X,00933C
40847385,40837385,6X,00933C
40837385,40837386,6X,00933C
40837386,40827389,6X,00933C
40827389,40817393,6X,00933C
40817393,40807394,6X,00933C
40807394,40807394,6X,00933C
40807394,40797395,6X,00933C
40797395,40797395,6X,00933C
40797395,40787396,6X,00933C
40787396,40777396,6X,00933C
40777396,40777396,6X,00933C
40777396,40767397,6X,00933C
40767397,40767397,6X,00933C
40767397,40757398,6X,00933C
40757398,40757398,6X,00933C
40757398,40747398,6X,00933C
40747398,40747399,6X,00933C
40747399,40737399,6X,00933C
40737399,40737399,6X,00933C
40737399,40727400,6X,00933C
40727400,40727400,6X,00933C
40727400,40717400,6X,00933C
40827389,40837386,6,00933C
40837386,40837387,6X,00933C
40837387,40837387,6X,00933C
40837387,40837388,6X,00933C
40837388,40837389,6X,00933C
40837389,40827389,6X,00933C
40717400,40727400,6X,00933C
40727400,40737399,6X,00933C
40737399,40747399,6X,00933C
40747399,40747398,6X,00933C
40747398,40757398,6X,00933C
40757398,40767397,6X,00933C
40767397,40777396,6X,00933C
40777396,40787396,6X,00933C
40787396,40797395,6X,00933C
40797395,40807394,6X,00933C
40807394,40817393,6X,00933C
40817393,40827389,6X,00933C
40827389,40837386,6X,00933C
40837386,40837385,6X,00933C
40837385,40847385,6X,00933C
40847385,40847384,6X,00933C
40847384,40857383,6X,00933C
40757398,40767399,GS,6D6E71
40767399,40757398,GS,6D6E71
40877392,40877393,A,2850AD
40877393,40867393,A,2850AD
40867393,40857394,A,2850AD
40857394,40857394,A,2850AD
40857394,40847394,A,2850AD
40847394,40847394,A,2850AD
40847394,40837394,A,2850AD
40837394,40827394,A,2850AD
40827394,40827395,A,2850AD
40827395,40817395,A,2850AD
40817395,40817395,A,2850AD
40817395,40807396,A,2850AD
40807396,40807396,A,2850AD
40807396,40797396,A,2850AD
40797396,40797397,A,2850AD
40797397,40787397,A,2850AD
40787397,40787398,A,2850AD
40787398,40777398,A,2850AD
40777398,40767399,A,2850AD
40767399,40767399,A,2850AD
40767399,40757399,A,2850AD
40757399,40757400,A,2850AD
40757400,40747400,A,2850AD
40747400,40737400,A,2850AD
40737400,40737400,A,2850AD
40737400,40727401,A,2850AD
40727401,40717401,A,2850AD
40717401,40717401,A,2850AD
40717401,40707399,A,2850AD
40707399,40697399,A,2850AD
40697399,40697399,A,2850AD
40697399,40697397,A,2850AD
40697397,40687397,A,2850AD
40687397,40687396,A,2850AD
40687396,40687395,A,2850AD
40687395,40687394,A,2850AD
40687394,40687393,A,2850AD
40687393,40687392,A,2850AD
40687392,40687391,A,2850AD
40687391,40687391,A,2850AD
40687391,40677390,A,2850AD
40677390,40677389,A,2850AD
40677389,40677388,A,2850AD
40677388,40687387,A,2850AD
40687387,40687387,A,2850AD
40687387,40687386,A,2850AD
40687386,40687385,A,2850AD
40687385,40687384,A,2850AD
40687384,40677383,A,2850AD
40677383,40667383,A,2850AD
40667383,40617382,A,2850AD
40617382,40597380,A,2850AD
40597380,40597379,A,2850AD
40597379,40597378,A,2850AD
40597378,40607377,A,2850AD
40607377,40607376,A,2850AD
40607376,40607376,A,2850AD
40697383,40687383,A,2850AD
40687383,40687384,A,2850AD
40687384,40687384,A,2850AD
40687384,40687385,A,2850AD
40687385,40687386,A,2850AD
40687386,40687387,A,2850AD
40687384,40687383,A,2850AD
40687383,40697383,A,2850AD
40607376,40607377,A,2850AD
40607377,40597378,A,2850AD
40597378,40597379,A,2850AD
40597379,40597380,A,2850AD
40597380,40617382,A,2850AD
40617382,40667383,A,2850AD
40667383,40677383,A,2850AD
40677383,40677384,A,2850AD
40677384,40687384,A,2850AD
40687387,40677388,A,2850AD
40677388,40677389,A,2850AD
40677389,40677390,A,2850AD
40677390,40687391,A,2850AD
40687391,40687392,A,2850AD
40687392,40687393,A,2850AD
40687393,40687394,A,2850AD
40687394,40687395,A,2850AD
40687395,40687396,A,2850AD
40687396,40687397,A,2850AD
40687397,40697397,A,2850AD
40697397,40697399,A,2850AD
40697399,40707399,A,2850AD
40707399,40717401,A,2850AD
40717401,40727401,A,2850AD
40727401,40737400,A,2850AD
40737400,40747400,A,2850AD
40747400,40757400,A,2850AD
40757400,40757399,A,2850AD
40757399,40767399,A,2850AD
40767399,40777398,A,2850AD
40777398,40787398,A,2850AD
40787398,40787397,A,2850AD
40787397,40797397,A,2850AD
40797397,40797396,A,2850AD
40797396,40807396,A,2850AD
40807396,40817395,A,2850AD
40817395,40827395,A,2850AD
40827395,40827394,A,2850AD
40827394,40837394,A,2850AD
40837394,40847394,A,2850AD
40847394,40857394,A,2850AD
40857394,40867393,A,2850AD
40867393,40877393,A,2850AD
40877393,40877392,A,2850AD
40687387,40687391,A,2850AD
40687391,40687393,A,2850AD
40687393,40687395,A,2850AD
40687395,40697399,A,2850AD
40747400,40757399,A,2850AD
40777398,40817395,A,2850AD
40817395,40827394,A,2850AD
40827394,40847394,A,2850AD
40847394,40827394,A,2850AD
40827394,40817395,A,2850AD
40817395,40777398,A,2850AD
40757399,40747400,A,2850AD
40697399,40687395,A,2850AD
40687395,40687393,A,2850AD
40687393,40687391,A,2850AD
40687391,40687387,A,2850AD
40587384,40587383,A,2850AD
40587383,40597382,A,2850AD
40597382,40597381,A,2850AD
40597381,40617382,A,2850AD
40617382,40597381,A,2850AD
40597381,40597382,A,2850AD
40597382,40587383,A,2850AD
40587383,40587384,A,2850AD
40847394,40847394,C,2850AD
40847394,40837394,C,2850AD
40837394,40827394,C,2850AD
40827394,40827395,C,2850AD
40827395,40817395,C,2850AD
40817395,40817395,C,2850AD
40817395,40807396,C,2850AD
40807396,40807396,C,2850AD
40807396,40797396,C,2850AD
40797396,40797397,C,2850AD
40797397,40787397,C,2850AD
40787397,40787398,C,2850AD
40787398,40777398,C,2850AD
40777398,40767399,C,2850AD
40767399,40767399,C,2850AD
40767399,40757399,C,2850AD
40757399,40757400,C,2850AD
40757400,40747400,C,2850AD
40747400,40737400,C,2850AD
40737400,40737400,C,2850AD
40737400,40727401,C,2850AD
40727401,40717401,C,2850AD
40717401,40717401,C,2850AD
40717401,40707399,C,2850AD
40707399,40697399,C,2850AD
40697399,40697399,C,2850AD
40697399,40697397,C,2850AD
40697397,40687397,C,2850AD
40687397,40687396,C,2850AD
40687396,40687395,C,2850AD
40687395,40687394,C,2850AD
40687394,40687393,C,2850AD
40687393,40687392,C,2850AD
40687392,40687391,C,2850AD
40687391,40687391,C,2850AD
40687391,40677390,C,2850AD
40677390,40677389,C,2850AD
40677389,40677388,C,2850AD
40677388,40687387,C,2850AD
40687387,40677388,C,2850AD
40677388,40677389,C,2850AD
40677389,40677390,C,2850AD
40677390,40687391,C,2850AD
40687391,40687392,C,2850AD
40687392,40687393,C,2850AD
40687393,40687394,C,2850AD
40687394,40687395,C,2850AD
40687395,40687396,C,2850AD
40687396,40687397,C,2850AD
40687397,40697397,C,2850AD
40697397,40697399,C,2850AD
40697399,40707399,C,2850AD
40707399,40717401,C,2850AD
40717401,40727401,C,2850AD
40727401,40737400,C,2850AD
40737400,40747400,C,2850AD
40747400,40757400,C,2850AD
40757400,40757399,C,2850AD
40757399,40767399,C,2850AD
40767399,40777398,C,2850AD
40777398,40787398,C,2850AD
40787398,40787397,C,2850AD
40787397,40797397,C,2850AD
40797397,40797396,C,2850AD
40797396,40807396,C,2850AD
40807396,40817395,C,2850AD
40817395,40827395,C,2850AD
40827395,40827394,C,2850AD
40827394,40837394,C,2850AD
40837394,40847394,C,2850AD
40877388,40877389,D,FF6319
40877389,40877389,D,FF6319
40877389,40867390,D,FF6319
40867390,40867390,D,FF6319
40867390,40857391,D,FF6319
40857391,40857391,D,FF6319
40857391,40847391,D,FF6319
40847391,40837392,D,FF6319
40837392,40837393,D,FF6319
40837393,40837394,D,FF6319
40837394,40827394,D,FF6319
40827394,40817395,D,FF6319
40817395,40777398,D,FF6319
40777398,40767398,D,FF6319
40767398,40767398,D,FF6319
40767398,40757398,D,FF6319
40757398,40757399,D,FF6319
40757399,40737400,D,FF6319
40737400,40737400,D,FF6319
40737400,40727399,D,FF6319
40727399,40697398,D,FF6319
40697398,40687398,D,FF6319
40687398,40687398,D,FF6319
40687398,40677399,D,FF6319
40677399,40677399,D,FF6319
40677399,40667400,D,FF6319
40667400,40667400,D,FF6319
40667400,40657399,D,FF6319
40657399,40647399,D,FF6319
40647399,40647399,D,FF6319
40647399,40637400,D,FF6319
40637400,40637400,D,FF6319
40637400,40627400,D,FF6319
40627400,40617400,D,FF6319
40617400,40617400,D,FF6319
40617400,40607400,D,FF6319
40607400,40607399,D,FF6319
40607399,40607399,D,FF6319
40607399,40597398,D,FF6319
40597398,40587398,D,FF6319
40587398,40597398,D,FF6319
40597398,40607399,D,FF6319
40607399,40607400,D,FF6319
40607400,40617400,D,FF6319
40617400,40627400,D,FF6319
40627400,40637400,D,FF6319
40637400,40647399,D,FF6319
40647399,40657399,D,FF6319
40657399,40667400,D,FF6319
40667400,40677399,D,FF6319
40677399,40687398,D,FF6319
40687398,40697398,D,FF6319
40697398,40727399,D,FF6319
40727399,40737400,D,FF6319
40737400,40757399,D,FF6319
40757399,40757398,D,FF6319
40757398,40767398,D,FF6319
40767398,40777398,D,FF6319
40777398,40817395,D,FF6319
40817395,40827394,D,FF6319
40827394,40837394,D,FF6319
40837394,40837393,D,FF6319
40837393,40837392,D,FF6319
40837392,40847391,D,FF6319
40847391,40857391,D,FF6319
40857391,40867390,D,FF6319
40867390,40877389,D,FF6319
40877389,40877388,D,FF6319
40667400,40687398,D,FF6319
40687398,40727399,D,FF6319
40727399,40687398,D,FF6319
40687398,40667400,D,FF6319
40857391,40827394,D,FF6319
40827394,40857391,D,FF6319
40707380,40707381,E,2850AD
40707381,40707382,E,2850AD
40707382,40717382,E,2850AD
40717382,40717383,E,2850AD
40717383,40727384,E,2850AD
40727384,40727384,E,2850AD
40727384,40737385,E,2850AD
40737385,40737386,E,2850AD
40737386,40737387,E,2850AD
40737387,40747388,E,2850AD
40747388,40747388,E,2850AD
40747388,40757389,E,2850AD
40757389,40757390,E,2850AD
40757390,40757391,E,2850AD
40757391,40767391,E,2850AD
40767391,40767392,E,2850AD
40767392,40757393,E,2850AD
40757393,40757394,E,2850AD
40757394,40757395,E,2850AD
40757395,40767397,E,2850AD
40767397,40767398,E,2850AD
40767398,40767398,E,2850AD
40767398,40767399,E,2850AD
40767399,40767399,E,2850AD
40767399,40757399,E,2850AD
40757399,40757400,E,2850AD
40757400,40747400,E,2850AD
40747400,40737400,E,2850AD
40737400,40737400,E,2850AD
40737400,40727401,E,2850AD
40727401,40717401,E,2850AD
40717401,40727401,E,2850AD
40727401,40737400,E,2850AD
40737400,40747400,E,2850AD
40747400,40757400,E,2850AD
40757400,40757399,E,2850AD
40757399,40767399,E,2850AD
40767399,40767398,E,2850AD
40767398,40767397,E,2850AD
40767397,40757395,E,2850AD
40757395,40757394,E,2850AD
40757394,40757393,E,2850AD
40757393,40767392,E,2850AD
40767392,40767391,E,2850AD
40767391,40757391,E,2850AD
40757391,40757390,E,2850AD
40757390,40757389,E,2850AD
40757389,40747388,E,2850AD
40747388,40737387,E,2850AD
40737387,40737386,E,2850AD
40737386,40737385,E,2850AD
40737385,40727384,E,2850AD
40727384,40717383,E,2850AD
40717383,40717382,E,2850AD
40717382,40707382,E,2850AD
40707382,40707381,E,2850AD
40707381,40707380,E,2850AD
40727384,40757389,E,2850AD
40757389,40757394,E,2850AD
40757394,40757389,E,2850AD
40757389,40727384,E,2850AD
40707382,40717383,E,2850AD
40717383,40707382,E,2850AD
40717378,40717380,E,2850AD
40717380,40717383,E,2850AD
40717383,40717380,E,2850AD
40717380,40717378,E,2850AD
40717382,40717381,E,2850AD
40717381,40717380,E,2850AD
40717380,40717379,E,2850AD
40717379,40717378,E,2850AD
40717378,40717379,F,FF6319
40717379,40717380,F,FF6319
40717380,40717381,F,FF6319
40717381,40717382,F,FF6319
40717382,40717383,F,FF6319
40717383,40727384,F,FF6319
40727384,40727384,F,FF6319
40727384,40737385,F,FF6319
40737385,40737386,F,FF6319
40737386,40737387,F,FF6319
40737387,40747388,F,FF6319
40747388,40747388,F,FF6319
40747388,40757389,F,FF6319
40757389,40757390,F,FF6319
40757390,40757391,F,FF6319
40757391,40767391,F,FF6319
40767391,40767392,F,FF6319
40767392,40757393,F,FF6319
40757393,40757394,F,FF6319
40757394,40767395,F,FF6319
40767395,40767397,F,FF6319
40767397,40767398,F,FF6319
40767398,40767398,F,FF6319
40767398,40757398,F,FF6319
40757398,40757399,F,FF6319
40757399,40747399,F,FF6319
40747399,40747400,F,FF6319
40747400,40737400,F,FF6319
40737400,40737400,F,FF6319
40737400,40727399,F,FF6319
40727399,40727399,F,FF6319
40727399,40717399,F,FF6319
40717399,40707399,F,FF6319
40707399,40697399,F,FF6319
40697399,40697399,F,FF6319
40697399,40687400,F,FF6319
40687400,40677400,F,FF6319
40677400,40677399,F,FF6319
40677399,40677398,F,FF6319
40677398,40667398,F,FF6319
40667398,40657398,F,FF6319
40657398,40647398,F,FF6319
40647398,40647398,F,FF6319
40647398,40637398,F,FF6319
40637398,40637398,F,FF6319
40637398,40627398,F,FF6319
40627398,40627397,F,FF6319
40627397,40617397,F,FF6319
40617397,40607397,F,FF6319
40607397,40607397,F,FF6319
40607397,40597397,F,FF6319
40597397,40587397,F,FF6319
40587397,40587398,F,FF6319
40587398,40587398,F,FF6319
40587398,40587397,F,FF6319
40587397,40597397,F,FF6319
40597397,40607397,F,FF6319
40607397,40617397,F,FF6319
40617397,40627397,F,FF6319
40627397,40627398,F,FF6319
40627398,40637398,F,FF6319
40637398,40647398,F,FF6319
40647398,40657398,F,FF6319
40657398,40667398,F,FF6319
40667398,40677398,F,FF6319
40677398,40677399,F,FF6319
40677399,40677400,F,FF6319
40677400,40687400,F,FF6319
40687400,40697399,F,FF6319
40697399,40707399,F,FF6319
40707399,40717399,F,FF6319
40717399,40727399,F,FF6319
40727399,40737400,F,FF6319
40737400,40747400,F,FF6319
40747400,40747399,F,FF6319
40747399,40757399,F,FF6319
40757399,40757398,F,FF6319
40757398,40767398,F,FF6319
40767398,40767397,F,FF6319
40767397,40767395,F,FF6319
40767395,40757394,F,FF6319
40757394,40757393,F,FF6319
40757393,40767392,F,FF6319
40767392,40767391,F,FF6319
40767391,40757391,F,FF6319
40757391,40757390,F,FF6319
40757390,40757389,F,FF6319
40757389,40747388,F,FF6319
40747388,40737387,F,FF6319
40737387,40737386,F,FF6319
40737386,40737385,F,FF6319
40737385,40727384,F,FF6319
40727384,40717383,F,FF6319
40717383,40717382,F,FF6319
40717382,40717381,F,FF6319
40717381,40717380,F,FF6319
40717380,40717379,F,FF6319
40717379,40717378,F,FF6319
40727384,40757389,F,FF6319
40757389,40757394,F,FF6319
40757394,40757389,F,FF6319
40757389,40727384,F,FF6319
40587398,40587398,FX,FF6319
40587398,40587397,FX,FF6319
40587397,40597397,FX,FF6319
40597397,40607397,FX,FF6319
40607397,40607397,FX,FF6319
40607397,40617397,FX,FF6319
40617397,40627397,FX,FF6319
40627397,40627398,FX,FF6319
40627398,40637398,FX,FF6319
40637398,40637398,FX,FF6319
40637398,40647398,FX,FF6319
40647398,40647398,FX,FF6319
40647398,40677398,FX,FF6319
40677398,40697399,FX,FF6319
40697399,40707399,FX,FF6319
40707399,40717399,FX,FF6319
40717399,40727399,FX,FF6319
40727399,40727399,FX,FF6319
40727399,40737400,FX,FF6319
40737400,40737400,FX,FF6319
40737400,40747400,FX,FF6319
40747400,40747399,FX,FF6319
40747399,40757399,FX,FF6319
40757399,40757398,FX,FF6319
40757398,40767398,FX,FF6319
40767398,40767398,FX,FF6319
40767398,40767397,FX,FF6319
40767397,40767395,FX,FF6319
40767395,40757394,FX,FF6319
40757394,40757389,FX,FF6319
40757389,40727384,FX,FF6319
40727384,40727384,FX,FF6319
40727384,40717383,FX,FF6319
40717383,40717382,FX,FF6319
40717382,40717381,FX,FF6319
40717381,40717380,FX,FF6319
40717380,40717379,FX,FF6319
40717379,40717378,FX,FF6319
40717378,40717379,FX,FF6319
40717379,40717380,FX,FF6319
40717380,40717381,FX,FF6319
40717381,40717382,FX,FF6319
40717382,40717383,FX,FF6319
40717383,40727384,FX,FF6319
40727384,40757389,FX,FF6319
40757389,40757394,FX,FF6319
40757394,40767395,FX,FF6319
40767395,40767397,FX,FF6319
40767397,40767398,FX,FF6319
40767398,40757398,FX,FF6319
40757398,40757399,FX,FF6319
40757399,40747399,FX,FF6319
40747399,40747400,FX,FF6319
40747400,40737400,FX,FF6319
40737400,40727399,FX,FF6319
40727399,40717399,FX,FF6319
40717399,40707399,FX,FF6319
40707399,40697399,FX,FF6319
40697399,40677398,FX,FF6319
40677398,40647398,FX,FF6319
40647398,40637398,FX,FF6319
40637398,40627398,FX,FF6319
40627398,40627397,FX,FF6319
40627397,40617397,FX,FF6319
40617397,40607397,FX,FF6319
40607397,40597397,FX,FF6319
40597397,40587397,FX,FF6319
40587397,40587398,FX,FF6319
40687396,40677396,FS,808080
40677396,40677396,FS,808080
40677396,40667396,FS,808080
40667396,40677396,FS,808080
40677396,40687396,FS,808080
40757394,40747395,G,6CBE45
40747395,40737395,G,6CBE45
40737395,40727395,G,6CBE45
40727395,40717395,G,6CBE45
40717395,40717395,G,6CBE45
40717395,40707395,G,6CBE45
40707395,40697395,G,6CBE45
40697395,40697395,G,6CBE45
40697395,40697396,G,6CBE45
40697396,40697397,G,6CBE45
40697397,40697398,G,6CBE45
40697398,40697399,G,6CBE45
40697399,40697399,G,6CBE45
40697399,40687400,G,6CBE45
40687400,40677400,G,6CBE45
40677400,40677399,G,6CBE45
40677399,40677398,G,6CBE45
40677398,40667398,G,6CBE45
40667398,40657398,G,6CBE45
40657398,40647398,G,6CBE45
40647398,40657398,G,6CBE45
40657398,40667398,G,6CBE45
40667398,40677398,G,6CBE45
40677398,40677399,G,6CBE45
40677399,40677400,G,6CBE45
40677400,40687400,G,6CBE45
40687400,40697399,G,6CBE45
40697399,40697398,G,6CBE45
40697398,40697397,G,6CBE45
40697397,40697396,G,6CBE45
40697396,40697395,G,6CBE45
40697395,40707395,G,6CBE45
40707395,40717395,G,6CBE45
40717395,40727395,G,6CBE45
40727395,40737395,G,6CBE45
40737395,40747395,G,6CBE45
40747395,40757394,G,6CBE45
40617382,40597381,H,808080
40597381,40597382,H,808080
40597382,40587383,H,808080
40587383,40587384,H,808080
40587384,40587383,H,808080
40587383,40597382,H,808080
40597382,40597381,H,808080
40597381,40617382,H,808080
40707380,40707381,J,996633
40707381,40707383,J,996633
40707383,40707384,J,996633
40707384,40707384,J,996633
40707384,40697385,J,996633
40697385,40697386,J,996633
40697386,40697387,J,996633
40697387,40697387,J,996633
40697387,40687387,J,996633
40687387,40687388,J,996633
40687388,40687388,J,996633
40687388,40687389,J,996633
40687389,40687390,J,996633
40687390,40687390,J,996633
40687390,40687391,J,996633
40687391,40697392,J,996633
40697392,40697392,J,996633
40697392,40697393,J,996633
40697393,40707394,J,996633
40707394,40707394,J,996633
40707394,40707395,J,996633
40707395,40717395,J,996633
40717395,40717396,J,996633
40717396,40727399,J,996633
40727399,40727399,J,996633
40727399,40727400,J,996633
40727400,40717400,J,996633
40717400,40717401,J,996633
40717401,40717401,J,996633
40717401,40717400,J,996633
40717400,40727400,J,996633
40727400,40727399,J,996633
40727399,40717396,J,996633
40717396,40717395,J,996633
40717395,40707395,J,996633
40707395,40707394,J,996633
40707394,40697393,J,996633
40697393,40697392,J,996633
40697392,40687391,J,996633
40687391,40687390,J,996633
40687390,40687389,J,996633
40687389,40687388,J,996633
40687388,40687387,J,996633
40687387,40697387,J,996633
40697387,40697386,J,996633
40697386,40697385,J,996633
40697385,40707384,J,996633
40707384,40707383,J,996633
40707383,40707381,J,996633
40707381,40707380,J,996633
40707394,40717396,J,996633
40687388,40687390,J,996633
40687390,40697392,J,996633
40707380,40707381,Z,996633
40707381,40707383,Z,996633
40707383,40707384,Z,996633
40707384,40707384,Z,996633
40707384,40697385,Z,996633
40697385,40697386,Z,996633
40697386,40697387,Z,996633
40697387,40697387,Z,996633
40697387,40687387,Z,996633
40687387,40687388,Z,996633
40687388,40687389,Z,996633
40687389,40687390,Z,996633
40687390,40687390,Z,996633
40687390,40687391,Z,996633
40687391,40697392,Z,996633
40697392,40707394,Z,996633
40707394,40717396,Z,996633
40717396,40727399,Z,996633
40727399,40727399,Z,996633
40727399,40727400,Z,996633
40727400,40717400,Z,996633
40717400,40717401,Z,996633
40717401,40717401,Z,996633
40717396,40707394,J,996633
40717401,40717400,Z,996633
40717400,40727400,Z,996633
40727400,40727399,Z,996633
40727399,40717396,Z,996633
40717396,40707394,Z,996633
40707394,40697392,Z,996633
40697392,40687391,Z,996633
40687391,40687390,Z,996633
40687390,40687389,Z,996633
40687389,40687388,Z,996633
40687388,40687387,Z,996633
40687387,40697387,Z,996633
40697387,40697386,Z,996633
40697386,40697385,Z,996633
40697385,40707384,Z,996633
40707384,40707383,Z,996633
40707383,40707381,Z,996633
40707381,40707380,Z,996633
40697392,40687390,J,996633
40687390,40687388,J,996633
40657390,40657390,L,A7A9AC
40657390,40667390,L,A7A9AC
40667390,40667390,L,A7A9AC
40667390,40677390,L,A7A9AC
40677390,40687390,L,A7A9AC
40687390,40687390,L,A7A9AC
40687390,40687391,L,A7A9AC
40687391,40697390,L,A7A9AC
40697390,40707390,L,A7A9AC
40707390,40707391,L,A7A9AC
40707391,40707392,L,A7A9AC
40707392,40717392,L,A7A9AC
40717392,40717393,L,A7A9AC
40717393,40717394,L,A7A9AC
40717394,40717394,L,A7A9AC
40717394,40717395,L,A7A9AC
40717395,40727396,L,A7A9AC
40727396,40737398,L,A7A9AC
40737398,40737399,L,A7A9AC
40737399,40737399,L,A7A9AC
40737399,40747400,L,A7A9AC
40747400,40747400,L,A7A9AC
40747400,40737399,L,A7A9AC
40737399,40737398,L,A7A9AC
40737398,40727396,L,A7A9AC
40727396,40717395,L,A7A9AC
40717395,40717394,L,A7A9AC
40717394,40717393,L,A7A9AC
40717393,40717392,L,A7A9AC
40717392,40707392,L,A7A9AC
40707392,40707391,L,A7A9AC
40707391,40707390,L,A7A9AC
40707390,40697390,L,A7A9AC
40697390,40687391,L,A7A9AC
40687391,40687390,L,A7A9AC
40687390,40677390,L,A7A9AC
40677390,40667390,L,A7A9AC
40667390,40657390,L,A7A9AC
40707394,40707393,M,FF6319
40707393,40707392,M,FF6319
40707392,40707391,M,FF6319
40707391,40707391,M,FF6319
40707391,40707390,M,FF6319
40707390,40717390,M,FF6319
40717390,40717389,M,FF6319
40717389,40717390,M,FF6319
40717390,40707390,M,FF6319
40707390,40707391,M,FF6319
40707391,40707392,M,FF6319
40707392,40707393,M,FF6319
40707393,40707394,M,FF6319
40707394,40707394,M,FF6319
40707394,40707395,M,FF6319
40707395,40717395,M,FF6319
40717395,40717396,M,FF6319
40717396,40727399,M,FF6319
40727399,40717396,M,FF6319
40717396,40717395,M,FF6319
40717395,40707395,M,FF6319
40707395,40707394,M,FF6319
40727399,40737400,M,FF6319
40737400,40737400,M,FF6319
40737400,40747400,M,FF6319
40747400,40747399,M,FF6319
40747399,40757399,M,FF6319
40757399,40757398,M,FF6319
40757398,40767398,M,FF6319
40767398,40767398,M,FF6319
40767398,40767397,M,FF6319
40767397,40757395,M,FF6319
40757395,40757394,M,FF6319
40757394,40757393,M,FF6319
40757393,40767392,M,FF6319
40767392,40767391,M,FF6319
40767391,40757391,M,FF6319
40757391,40757390,M,FF6319
40757390,40757389,M,FF6319
40757389,40747388,M,FF6319
40747388,40747388,M,FF6319
40747388,40737387,M,FF6319
40737387,40737386,M,FF6319
40737386,40737385,M,FF6319
40737385,40727384,M,FF6319
40727384,40737385,M,FF6319
40737385,40737386,M,FF6319
40737386,40737387,M,FF6319
40737387,40747388,M,FF6319
40747388,40757389,M,FF6319
40757389,40757390,M,FF6319
40757390,40757391,M,FF6319
40757391,40767391,M,FF6319
40767391,40767392,M,FF6319
40767392,40757393,M,FF6319
40757393,40757394,M,FF6319
40757394,40757395,M,FF6319
40757395,40767397,M,FF6319
40767397,40767398,M,FF6319
40767398,40757398,M,FF6319
40757398,40757399,M,FF6319
40757399,40747399,M,FF6319
40747399,40747400,M,FF6319
40747400,40737400,M,FF6319
40737400,40727399,M,FF6319
40787391,40777392,N,FCCC0A
40777392,40777392,N,FCCC0A
40777392,40767393,N,FCCC0A
40767393,40767393,N,FCCC0A
40767393,40757393,N,FCCC0A
40757393,40757394,N,FCCC0A
40757394,40767397,N,FCCC0A
40767397,40767397,N,FCCC0A
40767397,40767398,N,FCCC0A
40767398,40767398,N,FCCC0A
40767398,40757399,N,FCCC0A
40757399,40757399,N,FCCC0A
40757399,40747399,N,FCCC0A
40747399,40747399,N,FCCC0A
40747399,40737399,N,FCCC0A
40737399,40727400,N,FCCC0A
40727400,40727400,N,FCCC0A
40727400,40717401,N,FCCC0A
40717401,40717401,N,FCCC0A
40717401,40707401,N,FCCC0A
40707401,40697399,N,FCCC0A
40697399,40697399,N,FCCC0A
40697399,40697398,N,FCCC0A
40697398,40687398,N,FCCC0A
40687398,40687398,N,FCCC0A
40687398,40677399,N,FCCC0A
40677399,40677399,N,FCCC0A
40677399,40667400,N,FCCC0A
40667400,40667400,N,FCCC0A
40667400,40657401,N,FCCC0A
40657401,40657401,N,FCCC0A
40657401,40647402,N,FCCC0A
40647402,40647401,N,FCCC0A
40647401,40637401,N,FCCC0A
40637401,40627400,N,FCCC0A
40627400,40627399,N,FCCC0A
40627399,40627399,N,FCCC0A
40627399,40617398,N,FCCC0A
40617398,40607398,N,FCCC0A
40607398,40607398,N,FCCC0A
40607398,40597398,N,FCCC0A
40597398,40587398,N,FCCC0A
40587398,40597398,N,FCCC0A
40597398,40607398,N,FCCC0A
40607398,40617398,N,FCCC0A
40617398,40627399,N,FCCC0A
40627399,40627400,N,FCCC0A
40627400,40637401,N,FCCC0A
40637401,40647401,N,FCCC0A
40647401,40647402,N,FCCC0A
40647402,40657401,N,FCCC0A
40657401,40667400,N,FCCC0A
40667400,40677399,N,FCCC0A
40677399,40687398,N,FCCC0A
40687398,40697398,N,FCCC0A
40697398,40697399,N,FCCC0A
40697399,40707401,N,FCCC0A
40707401,40717401,N,FCCC0A
40717401,40727400,N,FCCC0A
40727400,40737399,N,FCCC0A
40737399,40747399,N,FCCC0A
40747399,40757399,N,FCCC0A
40757399,40767398,N,FCCC0A
40767398,40767397,N,FCCC0A
40767397,40757394,N,FCCC0A
40757394,40757393,N,FCCC0A
40757393,40767393,N,FCCC0A
40767393,40777392,N,FCCC0A
40777392,40787391,N,FCCC0A
40697398,40727400,N,FCCC0A
40647402,40667400,N,FCCC0A
40667400,40687398,N,FCCC0A
40687398,40727400,N,FCCC0A
40727400,40687398,N,FCCC0A
40687398,40667400,N,FCCC0A
40667400,40647402,N,FCCC0A
40727400,40747399,N,FCCC0A
40747399,40727400,N,FCCC0A
40727400,40697398,N,FCCC0A
40787391,40777392,W,FCCC0A
40777392,40777392,W,FCCC0A
40777392,40767393,W,FCCC0A
40767393,40767393,W,FCCC0A
40767393,40757393,W,FCCC0A
40757393,40757394,W,FCCC0A
40757394,40767397,W,FCCC0A
40767397,40767397,W,FCCC0A
40767397,40767398,W,FCCC0A
40767398,40767398,W,FCCC0A
40767398,40757399,W,FCCC0A
40757399,40757399,W,FCCC0A
40757399,40747399,W,FCCC0A
40747399,40747399,W,FCCC0A
40747399,40737399,W,FCCC0A
40737399,40727400,W,FCCC0A
40727400,40727400,W,FCCC0A
40727400,40717401,W,FCCC0A
40717401,40717401,W,FCCC0A
40717401,40707401,W,FCCC0A
40597398,40607398,W,FCCC0A
40607398,40607398,W,FCCC0A
40607398,40617398,W,FCCC0A
40617398,40627399,W,FCCC0A
40627399,40627399,W,FCCC0A
40627399,40627400,W,FCCC0A
40627400,40637401,W,FCCC0A
40637401,40647401,W,FCCC0A
40647401,40647402,W,FCCC0A
40647402,40657401,W,FCCC0A
40657401,40657401,W,FCCC0A
40657401,40667400,W,FCCC0A
40667400,40667400,W,FCCC0A
40667400,40677399,W,FCCC0A
40677399,40677399,W,FCCC0A
40677399,40687398,W,FCCC0A
40687398,40687398,W,FCCC0A
40687398,40697398,W,FCCC0A
40697398,40697399,W,FCCC0A
40697399,40697399,W,FCCC0A
40697399,40707401,W,FCCC0A
40707401,40717401,W,FCCC0A
40717401,40727400,W,FCCC0A
40727400,40737399,W,FCCC0A
40737399,40747399,W,FCCC0A
40747399,40757399,W,FCCC0A
40757399,40767398,W,FCCC0A
40767398,40767397,W,FCCC0A
40767397,40757394,W,FCCC0A
40757394,40757393,W,FCCC0A
40757393,40767393,W,FCCC0A
40767393,40777392,W,FCCC0A
40777392,40787391,W,FCCC0A
40767397,40777396,N,FCCC0A
40777396,40787395,N,FCCC0A
40787395,40787395,N,FCCC0A
40707401,40697399,W,FCCC0A
40697399,40697398,W,FCCC0A
40697398,40687398,W,FCCC0A
40687398,40677399,W,FCCC0A
40677399,40667400,W,FCCC0A
40667400,40657401,W,FCCC0A
40657401,40647402,W,FCCC0A
40647402,40647401,W,FCCC0A
40647401,40637401,W,FCCC0A
40637401,40627400,W,FCCC0A
40627400,40627399,W,FCCC0A
40627399,40617398,W,FCCC0A
40617398,40607398,W,FCCC0A
40607398,40597398,W,FCCC0A
40787395,40777396,N,FCCC0A
40777396,40767397,N,FCCC0A
40787395,40787395,Q,FCCC0A
40787395,40777396,Q,FCCC0A
40777396,40767397,Q,FCCC0A
40767397,40767398,Q,FCCC0A
40767398,40767398,Q,FCCC0A
40767398,40757399,Q,FCCC0A
40757399,40757399,Q,FCCC0A
40757399,40747399,Q,FCCC0A
40747399,40747399,Q,FCCC0A
40747399,40737399,Q,FCCC0A
40737399,40727400,Q,FCCC0A
40727400,40727400,Q,FCCC0A
40727400,40697398,Q,FCCC0A
40697398,40687398,Q,FCCC0A
40687398,40687397,Q,FCCC0A
40687397,40667396,Q,FCCC0A
40667396,40667396,Q,FCCC0A
40667396,40657396,Q,FCCC0A
40657396,40647396,Q,FCCC0A
40647396,40647396,Q,FCCC0A
40647396,40637396,Q,FCCC0A
40637396,40637396,Q,FCCC0A
40637396,40627396,Q,FCCC0A
40627396,40617396,Q,FCCC0A
40617396,40607396,Q,FCCC0A
40607396,40607396,Q,FCCC0A
40607396,40597395,Q,FCCC0A
40597395,40587396,Q,FCCC0A
40587396,40587397,Q,FCCC0A
40587397,40587398,Q,FCCC0A
40587398,40587398,Q,FCCC0A
40587398,40587397,Q,FCCC0A
40587397,40587396,Q,FCCC0A
40587396,40597395,Q,FCCC0A
40597395,40607396,Q,FCCC0A
40607396,40617396,Q,FCCC0A
40617396,40627396,Q,FCCC0A
40627396,40637396,Q,FCCC0A
40637396,40647396,Q,FCCC0A
40647396,40657396,Q,FCCC0A
40657396,40667396,Q,FCCC0A
40667396,40687397,Q,FCCC0A
40687397,40687398,Q,FCCC0A
40687398,40697398,Q,FCCC0A
40697398,40727400,Q,FCCC0A
40727400,40737399,Q,FCCC0A
40737399,40747399,Q,FCCC0A
40747399,40757399,Q,FCCC0A
40757399,40767398,Q,FCCC0A
40767398,40767397,Q,FCCC0A
40767397,40777396,Q,FCCC0A
40777396,40787395,Q,FCCC0A
40727400,40747399,Q,FCCC0A
40747399,40727400,Q,FCCC0A
40707401,40697399,R,FCCC0A
40697399,40697399,R,FCCC0A
40697399,40697398,R,FCCC0A
40697398,40687398,R,FCCC0A
40687398,40687398,R,FCCC0A
40687398,40677399,R,FCCC0A
40677399,40677399,R,FCCC0A
40677399,40667400,R,FCCC0A
40667400,40667400,R,FCCC0A
40667400,40657401,R,FCCC0A
40657401,40657401,R,FCCC0A
40657401,40647402,R,FCCC0A
40647402,40637402,R,FCCC0A
40637402,40637403,R,FCCC0A
40637403,40627403,R,FCCC0A
40627403,40627403,R,FCCC0A
40627403,40637403,R,FCCC0A
40637403,40637402,R,FCCC0A
40637402,40647402,R,FCCC0A
40647402,40657401,R,FCCC0A
40657401,40667400,R,FCCC0A
40667400,40677399,R,FCCC0A
40677399,40687398,R,FCCC0A
40687398,40697398,R,FCCC0A
40697398,40697399,R,FCCC0A
40697399,40707401,R,FCCC0A
40727384,40737385,R,FCCC0A
40737385,40737386,R,FCCC0A
40737386,40737387,R,FCCC0A
40737387,40747388,R,FCCC0A
40747388,40747388,R,FCCC0A
40747388,40757389,R,FCCC0A
40757389,40757390,R,FCCC0A
40757390,40757391,R,FCCC0A
40757391,40767391,R,FCCC0A
40767391,40767392,R,FCCC0A
40767392,40757393,R,FCCC0A
40757393,40757394,R,FCCC0A
40757394,40767397,R,FCCC0A
40767397,40767397,R,FCCC0A
40767397,40767398,R,FCCC0A
40767398,40767398,R,FCCC0A
40767398,40757399,R,FCCC0A
40757399,40757399,R,FCCC0A
40757399,40747399,R,FCCC0A
40747399,40747399,R,FCCC0A
40747399,40737399,R,FCCC0A
40737399,40727400,R,FCCC0A
40727400,40727400,R,FCCC0A
40727400,40717401,R,FCCC0A
40717401,40717401,R,FCCC0A
40717401,40707401,R,FCCC0A
40707401,40717401,R,FCCC0A
40717401,40727400,R,FCCC0A
40727400,40737399,R,FCCC0A
40737399,40747399,R,FCCC0A
40747399,40757399,R,FCCC0A
40757399,40767398,R,FCCC0A
40767398,40767397,R,FCCC0A
40767397,40757394,R,FCCC0A
40757394,40757393,R,FCCC0A
40757393,40767392,R,FCCC0A
40767392,40767391,R,FCCC0A
40767391,40757391,R,FCCC0A
40757391,40757390,R,FCCC0A
40757390,40757389,R,FCCC0A
40757389,40747388,R,FCCC0A
40747388,40737387,R,FCCC0A
40737387,40737386,R,FCCC0A
40737386,40737385,R,FCCC0A
40737385,40727384,R,FCCC0A
40767397,40777396,R,FCCC0A
40777396,40787395,R,FCCC0A
40787395,40787395,R,FCCC0A
40767383,40757385,7,B933AD
40757385,40757386,7,B933AD
40757386,40757386,7,B933AD
40757386,40757387,7,B933AD
40757387,40757388,7,B933AD
40757388,40757388,7,B933AD
40757388,40757389,7,B933AD
40757389,40757390,7,B933AD
40757390,40757390,7,B933AD
40757390,40747391,7,B933AD
40747391,40747392,7,B933AD
40747392,40747392,7,B933AD
40747392,40747393,7,B933AD
40747393,40757394,7,B933AD
40757394,40757395,7,B933AD
40757395,40747395,7,B933AD
40747395,40747395,7,B933AD
40747395,40757398,7,B933AD
40757398,40757398,7,B933AD
40757398,40767399,7,B933AD
40767399,40767400,7,B933AD
40767400,40767399,7,B933AD
40767399,40757398,7,B933AD
40757398,40747395,7,B933AD
40747395,40757395,7,B933AD
40757395,40757394,7,B933AD
40757394,40747393,7,B933AD
40747393,40747392,7,B933AD
40747392,40747391,7,B933AD
40747391,40757390,7,B933AD
40757390,40757389,7,B933AD
40757389,40757388,7,B933AD
40757388,40757387,7,B933AD
40757387,40757386,7,B933AD
40757386,40757385,7,B933AD
40757385,40767383,7,B933AD
40767383,40757385,7X,B933AD
40757385,40757387,7X,B933AD
40757387,40757389,7X,B933AD
40757389,40757390,7X,B933AD
40757390,40757390,7X,B933AD
40757390,40747391,7X,B933AD
40747391,40747392,7X,B933AD
40747392,40747392,7X,B933AD
40747392,40747393,7X,B933AD
40747393,40757394,7X,B933AD
40757394,40757395,7X,B933AD
40757395,40747395,7X,B933AD
40747395,40747395,7X,B933AD
40747395,40757398,7X,B933AD
40757398,40757398,7X,B933AD
40757398,40767399,7X,B933AD
40767399,40767400,7X,B933AD
40767400,40767399,7X,B933AD
40767399,40757398,7X,B933AD
40757398,40747395,7X,B933AD
40747395,40757395,7X,B933AD
40757395,40757394,7X,B933AD
40757394,40747393,7X,B933AD
40747393,40747392,7X,B933AD
40747392,40747391,7X,B933AD
40747391,40757390,7X,B933AD
40757390,40757389,7X,B933AD
40757389,40757387,7X,B933AD
40757387,40757385,7X,B933AD
40757385,40767383,7X,B933AD
40877389,40877389,B,FF6319
40877389,40867390,B,FF6319
40867390,40867390,B,FF6319
40867390,40857391,B,FF6319
40857391,40857391,B,FF6319
40857391,40847391,B,FF6319
40847391,40837392,B,FF6319
40837392,40837393,B,FF6319
40837393,40837394,B,FF6319
40837394,40827394,B,FF6319
40827394,40827395,B,FF6319
40827395,40817395,B,FF6319
40817395,40817395,B,FF6319
40817395,40807396,B,FF6319
40807396,40807396,B,FF6319
40807396,40797396,B,FF6319
40797396,40797397,B,FF6319
40797397,40787397,B,FF6319
40787397,40787398,B,FF6319
40787398,40777398,B,FF6319
40777398,40767398,B,FF6319
40767398,40767398,B,FF6319
40767398,40757398,B,FF6319
40757398,40757399,B,FF6319
40757399,40737400,B,FF6319
40737400,40737400,B,FF6319
40737400,40727399,B,FF6319
40727399,40697398,B,FF6319
40697398,40687398,B,FF6319
40687398,40687397,B,FF6319
40687397,40667396,B,FF6319
40667396,40667396,B,FF6319
40667396,40657396,B,FF6319
40657396,40647396,B,FF6319
40647396,40647396,B,FF6319
40647396,40637396,B,FF6319
40637396,40637396,B,FF6319
40637396,40627396,B,FF6319
40627396,40617396,B,FF6319
40617396,40597395,B,FF6319
40597395,40587396,B,FF6319
40587396,40597395,B,FF6319
40597395,40617396,B,FF6319
40617396,40627396,B,FF6319
40627396,40637396,B,FF6319
40637396,40647396,B,FF6319
40647396,40657396,B,FF6319
40657396,40667396,B,FF6319
40667396,40687397,B,FF6319
40687397,40687398,B,FF6319
40687398,40697398,B,FF6319
40697398,40727399,B,FF6319
40727399,40737400,B,FF6319
40737400,40757399,B,FF6319
40757399,40757398,B,FF6319
40757398,40767398,B,FF6319
40767398,40777398,B,FF6319
40777398,40787398,B,FF6319
40787398,40787397,B,FF6319
40787397,40797397,B,FF6319
40797397,40797396,B,FF6319
40797396,40807396,B,FF6319
40807396,40817395,B,FF6319
40817395,40827395,B,FF6319
40827395,40827394,B,FF6319
40827394,40837394,B,FF6319
40837394,40837393,B,FF6319
40837393,40837392,B,FF6319
40837392,40847391,B,FF6319
40847391,40857391,B,FF6319
40857391,40867390,B,FF6319
40867390,40877389,B,FF6319
40707394,40707394,Z,996633
40707394,40707395,Z,996633
40707395,40717395,Z,996633
40717395,40717396,Z,996633
40717396,40717395,Z,996633
40717395,40707395,Z,996633
40707395,40707394,Z,996633
40647407,40647407,SI,808080
40647407,40637408,SI,808080
40637408,40627407,SI,808080
40627407,40607408,SI,808080
40607408,40607409,SI,808080
40607409,40597410,SI,808080
40597410,40587410,SI,808080
40587410,40587411,SI,808080
40587411,40577412,SI,808080
40577412,40577413,SI,808080
40577413,40567414,SI,808080
40567414,40557415,SI,808080
40557415,40547416,SI,808080
40547416,40547418,SI,808080
40547418,40537419,SI,808080
40537419,40537420,SI,808080
40537420,40527422,SI,808080
40527422,40527423,SI,808080
40527423,40527424,SI,808080
40527424,40517425,SI,808080
40517425,40527424,SI,808080
40527424,40527423,SI,808080
40527423,40527422,SI,808080
40527422,40537420,SI,808080
40537420,40537419,SI,808080
40537419,40547418,SI,808080
40547418,40547416,SI,808080
40547416,40557415,SI,808080
40557415,40567414,SI,808080
40567414,40577413,SI,808080
40577413,40577412,SI,808080
40577412,40587411,SI,808080
40587411,40587410,SI,808080
40587410,40597410,SI,808080
40597410,40607409,SI,808080
40607409,40607408,SI,808080
40607408,40627407,SI,808080
40627407,40637408,SI,808080
40637408,40647407,SI,808080
40577412,40647407,SI,808080
40647407,40557415,SI,808080